Date,EUR,GBP,JPY,CAD
2023-01-02,0.9337300062179565,0.8250600099563599,130.84500122070312,1.352810025215149
2023-01-03,0.9365299940109253,0.8289899826049805,130.79400634765625,1.3559000492095947
2023-01-04,0.9481499791145325,0.8354399800300598,131.2480010986328,1.3674099445343018
2023-01-05,0.9428300261497498,0.8293899893760681,132.24600219726562,1.3485100269317627
2023-01-06,0.9503700137138367,0.8394700288772583,133.3070068359375,1.3559900522232056
2023-01-09,0.9384099841117859,0.8253300189971924,131.86199951171875,1.3435200452804565
2023-01-10,0.931689977645874,0.8206899762153625,131.72900390625,1.3393700122833252
2023-01-11,0.931190013885498,0.8227400183677673,132.1009979248047,1.3432899713516235
2023-01-12,0.928849995136261,0.8223999738693237,131.90199279785156,1.343000054359436
2023-01-13,0.9207900166511536,0.8184800148010254,129.1719970703125,1.3375999927520752
2023-01-16,0.9238200187683105,0.8178799748420715,128.0260009765625,1.3396199941635132
2023-01-17,0.9233499765396118,0.8191499710083008,128.3209991455078,1.3397799730300903
2023-01-18,0.9265000224113464,0.8140199780464172,128.281005859375,1.3389999866485596
2023-01-19,0.926110029220581,0.8098700046539307,128.53900146484375,1.3495800495147705
2023-01-20,0.9230300188064575,0.8068900108337402,128.3699951171875,1.3463799953460693
2023-01-23,0.9203799962997437,0.8060399889945984,129.35400390625,1.3371000289916992
2023-01-24,0.9196000099182129,0.8077700138092041,130.5970001220703,1.3370100259780884
2023-01-25,0.918429970741272,0.8110799789428711,130.23899841308594,1.3374799489974976
2023-01-26,0.9155799746513367,0.8056399822235107,129.23699951171875,1.3380199670791626
2023-01-27,0.917900025844574,0.8054599761962891,129.8000030517578,1.3316099643707275
2023-01-30,0.9198399782180786,0.8064320087432861,129.85400390625,1.3303200006484985
2023-01-31,0.9215999841690063,0.8094800114631653,130.47900390625,1.338379979133606
2023-02-01,0.9207299947738647,0.8124200105667114,130.11000061035156,1.3306000232696533
2023-02-02,0.9080299735069275,0.8070999979972839,128.6219940185547,1.3274999856948853
2023-02-03,0.9169999957084656,0.8181300163269043,128.74600219726562,1.3316600322723389
2023-02-06,0.9267100095748901,0.8302099704742432,132.00900268554688,1.3399699926376343
2023-02-07,0.9319000244140625,0.8314800262451172,132.6230010986328,1.344099998474121
2023-02-08,0.9319900274276733,0.8295599818229675,131.04200744628906,1.3390100002288818
2023-02-09,0.9332000017166138,0.8284000158309937,131.38699340820312,1.344499945640564
2023-02-10,0.930899977684021,0.8252999782562256,131.5189971923828,1.3448699712753296
2023-02-13,0.9365299940109253,0.8297200202941895,131.55099487304688,1.3357399702072144
2023-02-14,0.9319300055503845,0.8228999972343445,132.33700561523438,1.3333100080490112
2023-02-15,0.9314699769020081,0.821399986743927,132.99099731445312,1.3340599536895752
2023-02-16,0.9352999925613403,0.8305799961090088,133.9029998779297,1.3390599489212036
2023-02-17,0.9375799894332886,0.8350499868392944,134.07400512695312,1.3473000526428223
2023-02-20,0.9359400272369385,0.8312699794769287,134.3070068359375,1.3481999635696411
2023-02-21,0.9361000061035156,0.8306199908256531,134.33599853515625,1.3452999591827393
2023-02-22,0.9387900233268738,0.8258100152015686,134.9759979248047,1.3534899950027466
2023-02-23,0.9428799748420715,0.8298799991607666,134.9320068359375,1.3545399904251099
2023-02-24,0.9435700178146362,0.832099974155426,134.6280059814453,1.3543200492858887
2023-02-27,0.9474400281906128,0.836650013923645,136.39500427246094,1.3593699932098389
2023-02-28,0.9423999786376953,0.8290799856185913,136.31700134277344,1.3573999404907227
2023-03-01,0.9454200267791748,0.8310099840164185,136.34800720214844,1.3645199537277222
2023-03-02,0.9373000264167786,0.8312600255012512,136.19400024414062,1.3589600324630737
2023-03-03,0.9434199929237366,0.8367099761962891,136.7050018310547,1.3594800233840942
2023-03-06,0.941070020198822,0.8313599824905396,135.86000061035156,1.3602999448776245
2023-03-07,0.9355999827384949,0.8314999938011169,135.99899291992188,1.3616199493408203
2023-03-08,0.9477999806404114,0.8454700112342834,137.39100646972656,1.3747999668121338
2023-03-09,0.9479100108146667,0.8438699841499329,137.2259979248047,1.3799400329589844
2023-03-10,0.9447600245475769,0.8387500047683716,136.39500427246094,1.3831000328063965
2023-03-13,0.9360100030899048,0.8278599977493286,134.97999572753906,1.3763799667358398
2023-03-14,0.9323999881744385,0.8216000199317932,133.11399841308594,1.373520016670227
2023-03-15,0.9321699738502502,0.8228999972343445,134.39700317382812,1.3688900470733643
2023-03-16,0.9448800086975098,0.8285499811172485,132.9290008544922,1.3764899969100952
2023-03-17,0.9421399831771851,0.82573002576828,133.3679962158203,1.3719099760055542
2023-03-20,0.9364299774169922,0.8205000162124634,132.28399658203125,1.3709800243377686
2023-03-21,0.9329100251197815,0.8145800232887268,131.39199829101562,1.3671000003814697
2023-03-22,0.9281399846076965,0.8179900050163269,132.34800720214844,1.3708800077438354
2023-03-23,0.9199299812316895,0.8143500089645386,131.1790008544922,1.3716700077056885
2023-03-24,0.9229300022125244,0.8142300248146057,130.86500549316406,1.3717000484466553
2023-03-27,0.9277999997138977,0.8165929913520813,130.8459930419922,1.3727400302886963
2023-03-28,0.925320029258728,0.8131700158119202,131.23300170898438,1.3654099702835083
2023-03-29,0.9225500226020813,0.8109999895095825,131.04600524902344,1.3593300580978394
2023-03-30,0.9222000241279602,0.8121100068092346,132.5760040283203,1.3563100099563599
2023-03-31,0.9170399904251099,0.8072800040245056,133.2010040283203,1.3521900177001953
2023-04-03,0.9256399869918823,0.8138700127601624,133.3470001220703,1.3501800298690796
2023-04-04,0.9164000153541565,0.8049499988555908,132.2989959716797,1.343369960784912
2023-04-05,0.9124000072479248,0.8001000285148621,131.48500061035156,1.3437999486923218
2023-04-06,0.9171500205993652,0.802370011806488,130.9340057373047,1.3454300165176392
2023-04-07,0.9157400131225586,0.8039230108261108,131.66900634765625,1.3494999408721924
2023-04-10,0.9162899851799011,0.8044000267982483,132.0970001220703,1.3503999710083008
2023-04-11,0.9200199842453003,0.8069599866867065,133.468994140625,1.3503400087356567
2023-04-12,0.9159600138664246,0.8044400215148926,133.593994140625,1.346250057220459
2023-04-13,0.9090999960899353,0.8004699945449829,133.0850067138672,1.343999981880188
2023-04-14,0.9046000242233276,0.7983840107917786,132.48699951171875,1.3339999914169312
2023-04-17,0.9101999998092651,0.806439995765686,133.9709930419922,1.3365000486373901
2023-04-18,0.9153000116348267,0.8080499768257141,134.4250030517578,1.3392000198364258
2023-04-19,0.9111300110816956,0.8047999739646912,134.04400634765625,1.3390899896621704
2023-04-20,0.9130600094795227,0.8045799732208252,134.70399475097656,1.3467999696731567
2023-04-21,0.9114999771118164,0.8037999868392944,133.99600219726562,1.348080039024353
2023-04-24,0.9097300171852112,0.8032299876213074,133.96099853515625,1.3538399934768677
2023-04-25,0.90420001745224,0.800000011920929,134.08399963378906,1.353369951248169
2023-04-26,0.9108800292015076,0.8054900169372559,133.71099853515625,1.361840009689331
2023-04-27,0.9052000045776367,0.801829993724823,133.46499633789062,1.363070011138916
2023-04-28,0.9064499735832214,0.8001599907875061,133.802001953125,1.359969973564148
2023-05-01,0.9081900119781494,0.7963299751281738,136.38600158691406,1.3559099435806274
2023-05-02,0.9116399884223938,0.8008999824523926,137.52099609375,1.3552000522613525
2023-05-03,0.9081900119781494,0.8015000224113464,136.46600341796875,1.3619500398635864
2023-05-04,0.9034299850463867,0.7956100106239319,134.54400634765625,1.3631900548934937
2023-05-05,0.9071999788284302,0.794700026512146,134.1790008544922,1.3523000478744507
2023-05-08,0.9075499773025513,0.7917299866676331,135.19900512695312,1.3380000591278076
2023-05-09,0.9094099998474121,0.7928500175476074,135.072998046875,1.3372399806976318
2023-05-10,0.9120200276374817,0.7921000123023987,135.28799438476562,1.337499976158142
2023-05-11,0.9104099869728088,0.791953980922699,134.08700561523438,1.3372100591659546
2023-05-12,0.9164100289344788,0.7994800209999084,134.4980010986328,1.3493000268936157
2023-05-15,0.9214299917221069,0.8031499981880188,135.82200622558594,1.3553999662399292
2023-05-16,0.9196500182151794,0.7983899712562561,136.0449981689453,1.346500039100647
2023-05-17,0.9203299880027771,0.8009999990463257,136.42999267578125,1.3477200269699097
2023-05-18,0.9226499795913696,0.8011019825935364,137.61399841308594,1.3466700315475464
2023-05-19,0.9280400276184082,0.805649995803833,138.6199951171875,1.349769949913025
2023-05-22,0.9239799976348877,0.8025000095367432,137.69200134277344,1.3487999439239502
2023-05-23,0.9249799847602844,0.8042200207710266,138.6719970703125,1.3502899408340454
2023-05-24,0.9285299777984619,0.8053299784660339,138.59800720214844,1.3499399423599243
2023-05-25,0.9296000003814697,0.8083400130271912,139.2830047607422,1.3588500022888184
2023-05-26,0.932449996471405,0.8118000030517578,140.01699829101562,1.3643200397491455
2023-05-29,0.9325699806213379,0.8099200129508972,140.87100219726562,1.3609000444412231
2023-05-30,0.9339100122451782,0.8097599744796753,140.4409942626953,1.3601000308990479
2023-05-31,0.9316999912261963,0.805679976940155,139.79200744628906,1.359969973564148
2023-06-01,0.9350000023841858,0.803409993648529,139.1269989013672,1.356600046157837
2023-06-02,0.9293000102043152,0.7983400225639343,138.7480010986328,1.3443000316619873
2023-06-05,0.9347000122070312,0.8044899702072144,140.20700073242188,1.342829942703247
2023-06-06,0.9335500001907349,0.8043000102043152,139.38299560546875,1.3447999954223633
2023-06-07,0.9347500205039978,0.8046000003814697,139.52699279785156,1.339859962463379
2023-06-08,0.933929979801178,0.8034800291061401,139.8990020751953,1.3371599912643433
2023-06-09,0.9274100065231323,0.796209990978241,138.86300659179688,1.3361999988555908
2023-06-12,0.9301499724388123,0.7948499917984009,139.37100219726562,1.3336800336837769
2023-06-13,0.9291099905967712,0.799019992351532,139.4600067138672,1.336300015449524
2023-06-14,0.9268400073051453,0.7932199835777283,140.177001953125,1.331470012664795
2023-06-15,0.922249972820282,0.7892100214958191,139.9770050048828,1.3326400518417358
2023-06-16,0.9135800004005432,0.7821199893951416,140.26800537109375,1.3221900463104248
2023-06-19,0.9139000177383423,0.7793999910354614,141.86700439453125,1.3198000192642212
2023-06-20,0.9153900146484375,0.7815700173377991,141.8990020751953,1.3209500312805176
2023-06-21,0.9157199859619141,0.7833700180053711,141.3350067138672,1.3225599527359009
2023-06-22,0.9096999764442444,0.7829599976539612,141.68800354003906,1.316100001335144
2023-06-23,0.9125000238418579,0.7844899892807007,143.02999877929688,1.3145899772644043
2023-06-26,0.9168699979782104,0.7855700254440308,143.54100036621094,1.3164700269699097
2023-06-27,0.9165499806404114,0.7866600155830383,143.4600067138672,1.315000057220459
2023-06-28,0.9126399755477905,0.7846400141716003,143.8820037841797,1.3197699785232544
2023-06-29,0.916100025177002,0.7909799814224243,144.38900756835938,1.3251800537109375
2023-06-30,0.9201300144195557,0.7927299737930298,144.77999877929688,1.3250000476837158
2023-07-03,0.9168000221252441,0.7878199815750122,144.3979949951172,1.3250000476837158
2023-07-04,0.9163299798965454,0.7878400087356567,144.58399963378906,1.3248000144958496
2023-07-05,0.9186999797821045,0.7863100171089172,144.406005859375,1.322350025177002
2023-07-06,0.9211000204086304,0.78711998462677,144.48899841308594,1.3285900354385376
2023-07-07,0.9182199835777283,0.7847599983215332,143.9510040283203,1.3365399837493896
2023-07-10,0.9115999937057495,0.7788800001144409,142.20899963378906,1.3278000354766846
2023-07-11,0.9085999727249146,0.7773200273513794,141.2969970703125,1.3273999691009521
2023-07-12,0.9079300165176392,0.7731099724769592,140.1179962158203,1.3227699995040894
2023-07-13,0.8973000049591064,0.7694500088691711,138.31500244140625,1.3182799816131592
2023-07-14,0.8909900188446045,0.7616999745368958,138.0749969482422,1.3112499713897705
2023-07-17,0.8906499743461609,0.7639300227165222,138.6820068359375,1.3224999904632568
2023-07-18,0.8898699879646301,0.7650099992752075,138.72900390625,1.3201500177383423
2023-07-19,0.89055997133255,0.7671599984169006,139.02699279785156,1.3166199922561646
2023-07-20,0.8924400210380554,0.7728099822998047,139.59800720214844,1.3163000345230103
2023-07-21,0.8978999853134155,0.7768599987030029,139.86399841308594,1.3174200057983398
2023-07-24,0.8988500237464905,0.777999997138977,141.75,1.3223999738693237
2023-07-25,0.9039000272750854,0.7804800271987915,141.52200317382812,1.3174599409103394
2023-07-26,0.9049400091171265,0.7755600214004517,140.91299438476562,1.3187099695205688
2023-07-27,0.9026600122451782,0.7735599875450134,140.36700439453125,1.3204599618911743
2023-07-28,0.9108499884605408,0.7816299796104431,138.86399841308594,1.322700023651123
2023-07-31,0.9070900082588196,0.777970016002655,140.75799560546875,1.3250999450683594
2023-08-01,0.9092900156974792,0.7791799902915955,142.322998046875,1.319200038909912
2023-08-02,0.9084399938583374,0.7815099954605103,142.97000122070312,1.3268500566482544
2023-08-03,0.9137300252914429,0.7861400246620178,143.343994140625,1.33433997631073
2023-08-04,0.9131100177764893,0.7863900065422058,142.59800720214844,1.3350600004196167
2023-08-07,0.9088699817657471,0.7844399809837341,141.87600708007812,1.3372999429702759
2023-08-08,0.9088299870491028,0.7823500037193298,142.5240020751953,1.3371200561523438
2023-08-09,0.9125000238418579,0.7848299741744995,143.2779998779297,1.3424999713897705
2023-08-10,0.9109399914741516,0.7861599922180176,143.7270050048828,1.341879963874817
2023-08-11,0.910610020160675,0.7892600297927856,144.85400390625,1.344480037689209
2023-08-14,0.9137099981307983,0.7877100110054016,144.81700134277344,1.3439799547195435
2023-08-15,0.9165999889373779,0.788320004940033,145.43699645996094,1.3458800315856934
2023-08-16,0.9170799851417542,0.7873200178146362,145.60800170898438,1.3490099906921387
2023-08-17,0.9195500016212463,0.7856600284576416,146.33299255371094,1.353659987449646
2023-08-18,0.9195700287818909,0.7843000292778015,145.71400451660156,1.3545199632644653
2023-08-21,0.9194899797439575,0.7848100066184998,145.30499267578125,1.354159951210022
2023-08-22,0.9175699949264526,0.7836499810218811,146.23800659179688,1.3543000221252441
2023-08-23,0.92194002866745,0.7854499816894531,145.76300048828125,1.3550100326538086
2023-08-24,0.9203199744224548,0.7861300110816956,144.67300415039062,1.352370023727417
2023-08-25,0.9259999990463257,0.7940999865531921,146.06700134277344,1.358680009841919
2023-08-28,0.9261500239372253,0.7943000197410583,146.531005859375,1.3594000339508057
2023-08-29,0.923740029335022,0.7929499745368958,146.46400451660156,1.3601100444793701
2023-08-30,0.9200299978256226,0.7913399934768677,145.98800659179688,1.3558900356292725
2023-08-31,0.9146999716758728,0.786670982837677,146.0989990234375,1.3535300493240356
2023-09-01,0.9221600294113159,0.7890899777412415,145.47300720214844,1.3509700298309326
2023-09-04,0.9279999732971191,0.794189989566803,146.0570068359375,1.3594499826431274
2023-09-05,0.9264000058174133,0.7922000288963318,146.54299926757812,1.3598699569702148
2023-09-06,0.9322999715805054,0.7955099940299988,147.4709930419922,1.3638900518417358
2023-09-07,0.9324700236320496,0.8000800013542175,147.70899963378906,1.3638999462127686
2023-09-08,0.9347699880599976,0.8015999794006348,147.33099365234375,1.3683500289916992
2023-09-11,0.9330000281333923,0.8006410002708435,147.11300659179688,1.3626999855041504
2023-09-12,0.9301999807357788,0.7994400262832642,146.67799377441406,1.3578699827194214
2023-09-13,0.9299499988555908,0.8005300164222717,147.1580047607422,1.3551000356674194
2023-09-14,0.9315999746322632,0.8006700277328491,147.3459930419922,1.3552500009536743
2023-09-15,0.9401000142097473,0.8063300251960754,147.48199462890625,1.3514800071716309
2023-09-18,0.9373599886894226,0.8066099882125854,147.8679962158203,1.3521900177001953
2023-09-19,0.9352200031280518,0.8075100183486938,147.60499572753906,1.3487000465393066
2023-09-20,0.9361500144004822,0.8068699836730957,147.74200439453125,1.3442699909210205
2023-09-21,0.9387000203132629,0.8111000061035156,148.3209991455078,1.3476699590682983
2023-09-22,0.9379500150680542,0.8133900165557861,147.6439971923828,1.347749948501587
2023-09-25,0.9391000270843506,0.8168699741363525,148.4340057373047,1.3476999998092651
2023-09-26,0.9441400170326233,0.8187900185585022,148.81100463867188,1.345039963722229
2023-09-27,0.946120023727417,0.8232600092887878,149.0449981689453,1.3519599437713623
2023-09-28,0.9519000053405762,0.8240399956703186,149.4980010986328,1.350100040435791
2023-09-29,0.9467499852180481,0.819350004196167,149.33700561523438,1.3490999937057495
2023-10-02,0.9465000033378601,0.82014000415802,149.5399932861328,1.3573700189590454
2023-10-03,0.9541299939155579,0.827049970626831,149.8509979248047,1.3676300048828125
2023-10-04,0.9549000263214111,0.8279200196266174,149.19200134277344,1.3709100484848022
2023-10-05,0.951740026473999,0.8238999843597412,148.96600341796875,1.3744200468063354
2023-10-06,0.948170006275177,0.8205000162124634,148.46299743652344,1.3705699443817139
2023-10-09,0.9463000297546387,0.8182700276374817,149.16000366210938,1.3661099672317505
2023-10-10,0.9452800154685974,0.8162999749183655,148.32699584960938,1.358049988746643
2023-10-11,0.9429699778556824,0.8135799765586853,148.6280059814453,1.3583600521087646
2023-10-12,0.9412400126457214,0.8119300007820129,149.03599548339844,1.3594499826431274
2023-10-13,0.9490600228309631,0.8208000063896179,149.7899932861328,1.3683799505233765
2023-10-16,0.9504299759864807,0.8227900266647339,149.5659942626953,1.3644299507141113
2023-10-17,0.9474800229072571,0.8188999891281128,149.5780029296875,1.3614399433135986
2023-10-18,0.9458000063896179,0.8210999965667725,149.75900268554688,1.3653000593185425
2023-10-19,0.9488999843597412,0.8234900236129761,149.74200439453125,1.3713799715042114
2023-10-20,0.944599986076355,0.8239099979400635,149.802001953125,1.3715300559997559
2023-10-23,0.9442899823188782,0.8220999836921692,149.8800048828125,1.370300054550171
2023-10-24,0.9372199773788452,0.8163099884986877,149.7689971923828,1.3688499927520752
2023-10-25,0.943809986114502,0.8222399950027466,149.85400390625,1.3741600513458252
2023-10-26,0.9463199973106384,0.8262100219726562,150.09800720214844,1.3802900314331055
2023-10-27,0.9465699791908264,0.8239200115203857,150.36599731445312,1.3813999891281128
2023-10-30,0.9467499852180481,0.8255100250244141,149.73300170898438,1.3863400220870972
2023-10-31,0.9420599937438965,0.8219799995422363,149.11099243164062,1.3828599452972412
2023-11-01,0.9452599883079529,0.8228999972343445,151.29400634765625,1.387660026550293
2023-11-02,0.9445499777793884,0.8208699822425842,150.5749969482422,1.3834400177001953
2023-11-03,0.9416999816894531,0.8202199935913086,150.4969940185547,1.3746999502182007
2023-11-06,0.9317799806594849,0.8081600069999695,149.44900512695312,1.3660600185394287
2023-11-07,0.932699978351593,0.8100100159645081,149.98899841308594,1.369729995727539
2023-11-08,0.9349200129508972,0.8135499954223633,150.39599609375,1.3768500089645386
2023-11-09,0.9336699843406677,0.8140000104904175,150.86399841308594,1.3793200254440308
2023-11-10,0.9374200105667114,0.8185300230979919,151.3489990234375,1.3806999921798706
2023-11-13,0.9354400038719177,0.8177800178527832,151.468994140625,1.379889965057373
2023-11-14,0.9344199895858765,0.8142899870872498,151.64599609375,1.3801499605178833
2023-11-15,0.9192600250244141,0.80035001039505,150.48500061035156,1.3699400424957275
2023-11-16,0.9212700128555298,0.8050000071525574,151.21499633789062,1.368340015411377
2023-11-17,0.9213399887084961,0.8054800033569336,150.7050018310547,1.3752100467681885
2023-11-20,0.9168400168418884,0.8029199838638306,149.94200134277344,1.371899962425232
2023-11-21,0.9135800004005432,0.7994199991226196,148.36199951171875,1.3724100589752197
2023-11-22,0.9158999919891357,0.7971799969673157,148.15199279785156,1.3701000213623047
2023-11-23,0.9182000160217285,0.8006399869918823,149.4600067138672,1.3692500591278076
2023-11-24,0.9168999791145325,0.7978600263595581,149.63499450683594,1.3695000410079956
2023-11-27,0.9140400290489197,0.7936300039291382,149.5709991455078,1.3630499839782715
2023-11-28,0.9125400185585022,0.7914900183677673,148.45199584960938,1.360700011253357
2023-11-29,0.9085999727249146,0.7866399884223938,147.06300354003906,1.3562999963760376
2023-11-30,0.911270022392273,0.7876250147819519,147.03900146484375,1.3590199947357178
2023-12-01,0.9180999994277954,0.7916600108146667,147.99899291992188,1.3556499481201172
2023-12-04,0.918429970741272,0.7865899801254272,146.39300537109375,1.348870038986206
2023-12-05,0.9226999878883362,0.7915099859237671,147.32699584960938,1.3538999557495117
2023-12-06,0.9264699816703796,0.7940000295639038,147.18499755859375,1.3590999841690063
2023-12-07,0.9287899732589722,0.7962599992752075,147.1840057373047,1.359179973602295
2023-12-08,0.9265999794006348,0.7943099737167358,144.2779998779297,1.3598599433898926
2023-12-11,0.9288700222969055,0.7965099811553955,144.98300170898438,1.3580800294876099
2023-12-12,0.9287999868392944,0.7965199947357178,146.0850067138672,1.357800006866455
2023-12-13,0.92603999376297,0.7954999804496765,145.27999877929688,1.3585000038146973
2023-12-14,0.9186000227928162,0.7922099828720093,142.7729949951172,1.3508100509643555
2023-12-15,0.9096199870109558,0.7829999923706055,142.2790069580078,1.3407000303268433
2023-12-18,0.9178299903869629,0.7891200184822083,142.31300354003906,1.3381600379943848
2023-12-19,0.9154300093650818,0.7904000282287598,142.7220001220703,1.3397799730300903
2023-12-20,0.9106600284576416,0.7853800058364868,143.88900756835938,1.3334200382232666
2023-12-21,0.9136000275611877,0.7910599708557129,143.5229949951172,1.335819959640503
2023-12-22,0.9085800051689148,0.788332998752594,142.07000732421875,1.3283900022506714
2023-12-25,0.9068999886512756,0.7888299822807312,142.3419952392578,1.3256800174713135
2023-12-26,0.9074199795722961,0.7871000170707703,142.22999572753906,1.3250000476837158
2023-12-27,0.9055500030517578,0.7857199907302856,142.46099853515625,1.3195199966430664
2023-12-28,0.9002000093460083,0.7811999917030334,141.3990020751953,1.320199966430664
2023-12-29,0.9034900069236755,0.7853000164031982,141.42999267578125,1.3229600191116333
2024-01-01,0.9045000076293945,0.7855460047721863,140.95199584960938,1.3239200115203857
2024-01-02,0.9059000015258789,0.7856199741363525,141.12600708007812,1.3242000341415405
2024-01-03,0.9139299988746643,0.7922000288963318,142.15499877929688,1.332200050354004
2024-01-04,0.9150999784469604,0.7889999747276306,142.99899291992188,1.3347699642181396
2024-01-05,0.9134600162506104,0.7883899807929993,144.76499938964844,1.3355000019073486
2024-01-08,0.91389000415802,0.786300003528595,144.71600341796875,1.3359800577163696
2024-01-09,0.913100004196167,0.7846099734306335,144.22999572753906,1.3349000215530396
2024-01-10,0.9147099852561951,0.7865999937057495,144.42799377441406,1.338919997215271
2024-01-11,0.9111499786376953,0.7846099734306335,145.73399353027344,1.3378499746322632
2024-01-12,0.910610020160675,0.7826099991798401,145.04600524902344,1.3379900455474854
2024-01-15,0.9136000275611877,0.7851399779319763,145.1490020751953,1.340939998626709
2024-01-16,0.9136000275611877,0.7864000201225281,145.79400634765625,1.3435800075531006
2024-01-17,0.919219970703125,0.7912300229072571,147.24600219726562,1.3489999771118164
2024-01-18,0.9186300039291382,0.7888399958610535,148.1179962158203,1.3502800464630127
2024-01-19,0.919189989566803,0.7867900133132935,148.1280059814453,1.348620057106018
2024-01-22,0.9180799722671509,0.7874100208282471,148.12100219726562,1.3431600332260132
2024-01-23,0.9190999865531921,0.7869700193405151,148.14199829101562,1.347790002822876
2024-01-24,0.920989990234375,0.7878999710083008,148.25100708007812,1.3456000089645386
2024-01-25,0.918969988822937,0.7862399816513062,147.59100341796875,1.3525400161743164
2024-01-26,0.9219099879264832,0.7868899703025818,147.72300720214844,1.3477699756622314
2024-01-29,0.9222099781036377,0.7875499725341797,148.13999938964844,1.3453999757766724
2024-01-30,0.922980010509491,0.7865800261497498,147.46800231933594,1.3411400318145752
2024-01-31,0.92221999168396,0.7876799702644348,147.36900329589844,1.3401700258255005
2024-02-01,0.9255899786949158,0.7887399792671204,146.99600219726562,1.3435499668121338
2024-02-02,0.9195700287818909,0.7844799757003784,146.4510040283203,1.3382999897003174
2024-02-05,0.9276400208473206,0.7922700047492981,148.50100708007812,1.3470100164413452
2024-02-06,0.9309399724006653,0.7978000044822693,148.63999938964844,1.3543000221252441
2024-02-07,0.929610013961792,0.7932400107383728,147.8179931640625,1.34893000125885
2024-02-08,0.9280099868774414,0.7919300198554993,148.08599853515625,1.3464000225067139
2024-02-09,0.9278799891471863,0.7923600077629089,149.25900268554688,1.3459999561309814
2024-02-12,0.9260799884796143,0.7913100123405457,149.16700744628906,1.3457800149917603
2024-02-13,0.928309977054596,0.791920006275177,149.40499877929688,1.3455300331115723
2024-02-14,0.9337999820709229,0.7942399978637695,150.7239990234375,1.3565800189971924
2024-02-15,0.9317799806594849,0.7956500053405762,150.54400634765625,1.3538700342178345
2024-02-16,0.9281700253486633,0.7936999797821045,149.9459991455078,1.3465299606323242
2024-02-19,0.9272199869155884,0.7929499745368958,150.09100341796875,1.3477799892425537
2024-02-20,0.9280400276184082,0.7944300174713135,150.27000427246094,1.3497999906539917
2024-02-21,0.9247999787330627,0.7919300198554993,149.93899536132812,1.3521900177001953
2024-02-22,0.9241799712181091,0.7912600040435791,150.35499572753906,1.3496999740600586
2024-02-23,0.9237300157546997,0.7896599769592285,150.48300170898438,1.348140001296997
2024-02-26,0.9242100119590759,0.7890999913215637,150.4980010986328,1.3507200479507446
2024-02-27,0.9215800166130066,0.7883599996566772,150.5659942626953,1.3501299619674683
2024-02-28,0.9221000075340271,0.7885400056838989,150.4949951171875,1.3531700372695923
2024-02-29,0.9226099848747253,0.7896999716758728,150.656005859375,1.3577500581741333
2024-03-01,0.9254999756813049,0.7920500040054321,150.09500122070312,1.3573700189590454
2024-03-04,0.9222800135612488,0.789870023727417,150.10499572753906,1.355239987373352
2024-03-05,0.9212200045585632,0.7878999710083008,150.46600341796875,1.357200026512146
2024-03-06,0.9211500287055969,0.7871000170707703,150.0489959716797,1.3589999675750732
2024-03-07,0.9174699783325195,0.7852100133895874,149.2689971923828,1.3512699604034424
2024-03-08,0.9132300019264221,0.7803000211715698,147.8679962158203,1.3451999425888062
2024-03-11,0.9138299822807312,0.777899980545044,146.7740020751953,1.348449945449829
2024-03-12,0.9147999882698059,0.7800430059432983,146.73199462890625,1.347749948501587
2024-03-13,0.9150999784469604,0.781499981880188,147.61900329589844,1.349310040473938
2024-03-14,0.9128000140190125,0.7811200022697449,147.62100219726562,1.3466299772262573
2024-03-15,0.9188299775123596,0.7845699787139893,148.29600524902344,1.3537700176239014
2024-03-18,0.9189000129699707,0.7854599952697754,148.9550018310547,1.3546099662780762
2024-03-19,0.9196299910545349,0.7857199907302856,149.1439971923828,1.3534799814224243
2024-03-20,0.9205300211906433,0.7861999869346619,151.03500366210938,1.3573100566864014
2024-03-21,0.9143099784851074,0.7813500165939331,150.75999450683594,1.347190022468567
2024-03-22,0.9206100106239319,0.7897700071334839,151.63299560546875,1.3526999950408936
2024-03-25,0.925279974937439,0.7937800288200378,151.30499267578125,1.3611500263214111
2024-03-26,0.9226599931716919,0.7912700176239014,151.3730010986328,1.3584599494934082
2024-03-27,0.9231600165367126,0.7918599843978882,151.52999877929688,1.3581000566482544
2024-03-28,0.924780011177063,0.7925999760627747,151.28700256347656,1.3586000204086304
2024-03-29,0.9264000058174133,0.7919999957084656,151.44000244140625,1.353600025177002
2024-04-01,0.9265499711036682,0.7913100123405457,151.3979949951172,1.3521900177001953
2024-04-02,0.9313399791717529,0.7971000075340271,151.58099365234375,1.3573700189590454
2024-04-03,0.928629994392395,0.7951099872589111,151.5399932861328,1.3564300537109375
2024-04-04,0.9226499795913696,0.7904000282287598,151.58099365234375,1.3523800373077393
2024-04-05,0.922760009765625,0.7911270260810852,151.29200744628906,1.354449987411499
2024-04-08,0.9233199954032898,0.7920600175857544,151.69000244140625,1.3604099750518799
2024-04-09,0.9204999804496765,0.7899699807167053,151.84300231933594,1.3570799827575684
2024-04-10,0.9208700060844421,0.7887899875640869,151.77699279785156,1.3572900295257568
2024-04-11,0.9309499859809875,0.7975999712944031,152.96400451660156,1.3687000274658203
2024-04-12,0.9322400093078613,0.7965099811553955,153.19200134277344,1.368690013885498
2024-04-15,0.9390000104904175,0.8024500012397766,153.2830047607422,1.3758000135421753
2024-04-16,0.9411100149154663,0.803380012512207,154.20599365234375,1.3786300420761108
2024-04-17,0.9414899945259094,0.8044400215148926,154.697998046875,1.3818800449371338
2024-04-18,0.9372599720954895,0.8029699921607971,154.3419952392578,1.3771799802780151
2024-04-19,0.9394800066947937,0.8040099740028381,154.61000061035156,1.3769299983978271
2024-04-22,0.9382399916648865,0.8080300092697144,154.63999938964844,1.373900055885315
2024-04-23,0.9386100172996521,0.8097000122070312,154.81300354003906,1.3700499534606934
2024-04-24,0.9341999888420105,0.8029999732971191,154.74400329589844,1.3660600185394287
2024-04-25,0.9345899820327759,0.8026000261306763,155.25900268554688,1.370419979095459
2024-04-26,0.9319999814033508,0.7994199991226196,155.5970001220703,1.3658000230789185
2024-04-29,0.9339799880981445,0.7993299961090088,158.2239990234375,1.36558997631073
2024-04-30,0.933210015296936,0.7961900234222412,156.31399536132812,1.36667001247406
2024-05-01,0.9375100135803223,0.8006299734115601,157.7220001220703,1.3776999711990356
2024-05-02,0.932699978351593,0.7974900007247925,155.70399475097656,1.3723000288009644
2024-05-03,0.9316999912261963,0.7974100112915039,153.0449981689453,1.3666199445724487
2024-05-06,0.9295300245285034,0.7973799705505371,153.5659942626953,1.3691500425338745
2024-05-07,0.9287199974060059,0.7961900234222412,154.23699951171875,1.3670899868011475
2024-05-08,0.9301900267601013,0.7999100089073181,154.7480010986328,1.3733199834823608
2024-05-09,0.9304999709129333,0.8004299998283386,155.41900634765625,1.3727200031280518
2024-05-10,0.9272000193595886,0.7983599901199341,155.38900756835938,1.3677799701690674
2024-05-13,0.9284700155258179,0.7985399961471558,155.8179931640625,1.3676999807357788
2024-05-14,0.9264799952507019,0.7960600256919861,156.23300170898438,1.366569995880127
2024-05-15,0.9246799945831299,0.7945799827575684,156.4980010986328,1.365280032157898
2024-05-16,0.9182900190353394,0.7880200147628784,154.28199768066406,1.3596999645233154
2024-05-17,0.9201499819755554,0.7891409993171692,155.37899780273438,1.3614599704742432
2024-05-20,0.9194999933242798,0.7870000004768372,155.75399780273438,1.3607900142669678
2024-05-21,0.920740008354187,0.7867299914360046,156.3699951171875,1.3621000051498413
2024-05-22,0.9212200045585632,0.7867000102996826,156.25100708007812,1.3640300035476685
2024-05-23,0.923770010471344,0.7860999703407288,156.70399475097656,1.368899941444397
2024-05-24,0.924839973449707,0.7877699732780457,156.97300720214844,1.3732099533081055
2024-05-27,0.9218599796295166,0.7851700186729431,156.8699951171875,1.3666000366210938
2024-05-28,0.9206500053405762,0.7829399704933167,156.84500122070312,1.3628900051116943
2024-05-29,0.921500027179718,0.7838000059127808,157.26199340820312,1.3645999431610107
2024-05-30,0.9257699847221375,0.78752601146698,157.60800170898438,1.3717000484466553
2024-05-31,0.9229000210762024,0.7855200171470642,156.9530029296875,1.3683300018310547
2024-06-03,0.9214000105857849,0.7846999764442444,157.17999267578125,1.3618899583816528
2024-06-04,0.9168099761009216,0.7806299924850464,156.0760040283203,1.3628699779510498
2024-06-05,0.9189599752426147,0.7828999757766724,155.12399291992188,1.3676199913024902
2024-06-06,0.9195799827575684,0.7815700173377991,155.9290008544922,1.36899995803833
2024-06-07,0.917900025844574,0.7816600203514099,155.69700622558594,1.366819977760315
2024-06-10,0.9277399778366089,0.7855799794197083,156.83299255371094,1.3759000301361084
2024-06-11,0.9290000200271606,0.7857699990272522,157.0399932861328,1.3761199712753296
2024-06-12,0.9310700297355652,0.7849000096321106,157.10499572753906,1.3754899501800537
2024-06-13,0.9247999787330627,0.7814800143241882,156.8000030517578,1.372189998626709
2024-06-14,0.9312000274658203,0.7839999794960022,157.1280059814453,1.3740999698638916
2024-06-17,0.9343900084495544,0.7884500026702881,157.54600524902344,1.3732999563217163
2024-06-18,0.9310399889945984,0.7864109873771667,157.6999969482422,1.3713300228118896
2024-06-19,0.930899977684021,0.7869399785995483,157.87100219726562,1.3716200590133667
2024-06-20,0.9301000237464905,0.7860400080680847,157.95799255371094,1.3705799579620361
2024-06-21,0.9340199828147888,0.7898600101470947,158.93099975585938,1.3684699535369873
2024-06-24,0.9356499910354614,0.7911999821662903,159.86099243164062,1.370129942893982
2024-06-25,0.9317299723625183,0.7884299755096436,159.68600463867188,1.3657900094985962
2024-06-26,0.9337400197982788,0.7883949875831604,159.68600463867188,1.3661099672317505
2024-06-27,0.9363200068473816,0.7922800183296204,160.62100219726562,1.3704500198364258
2024-06-28,0.9338399767875671,0.7907800078392029,160.68699645996094,1.3699300289154053
2024-07-01,0.9315099716186523,0.7906000018119812,160.90699768066406,1.3672699928283691
2024-07-02,0.9313499927520752,0.7907800078392029,161.51199340820312,1.3737800121307373
2024-07-03,0.9303699731826782,0.7879999876022339,161.50399780273438,1.3676799535751343
2024-07-04,0.9265000224113464,0.7844499945640564,161.62100219726562,1.3633300065994263
2024-07-05,0.9250100255012512,0.7839599847793579,161.35800170898438,1.3615200519561768
2024-07-08,0.9236999750137329,0.7808529734611511,160.63800048828125,1.363800048828125
2024-07-09,0.9232800006866455,0.7803000211715698,160.85699462890625,1.3629499673843384
2024-07-10,0.9246600270271301,0.7820000052452087,161.33099365234375,1.3630000352859497
2024-07-11,0.9230800271034241,0.7780500054359436,161.60699462890625,1.3617199659347534
2024-07-12,0.919730007648468,0.7737699747085571,158.2010040283203,1.3624399900436401
2024-07-15,0.9186499714851379,0.7712000012397766,158.31300354003906,1.3645999431610107
2024-07-16,0.9172999858856201,0.7710099816322327,158.14100646972656,1.3675999641418457
2024-07-17,0.9172199964523315,0.7705529928207397,158.35000610351562,1.3669500350952148
2024-07-18,0.9140599966049194,0.7687900066375732,155.68600463867188,1.3678699731826782
2024-07-19,0.9172999858856201,0.7720999717712402,157.14999389648438,1.3702000379562378
2024-07-22,0.9175000190734863,0.7732099890708923,157.4219970703125,1.3707000017166138
2024-07-23,0.9182900190353394,0.7732499837875366,156.89100646972656,1.3761199712753296
2024-07-24,0.9215999841690063,0.7750999927520752,155.76800537109375,1.3785799741744995
2024-07-25,0.9225500226020813,0.7752000093460083,153.89100646972656,1.3810299634933472
2024-07-26,0.9215499758720398,0.7778000235557556,153.69700622558594,1.3819299936294556
2024-07-29,0.9213399887084961,0.7771000266075134,154.13900756835938,1.3827999830245972
2024-07-30,0.9242600202560425,0.7775800228118896,153.83299255371094,1.3855799436569214
2024-07-31,0.9245499968528748,0.7789999842643738,152.6699981689453,1.3849600553512573
2024-08-01,0.9238799810409546,0.7780200242996216,149.74400329589844,1.3808300495147705
2024-08-02,0.9269899725914001,0.785610020160675,149.2010040283203,1.3880599737167358
2024-08-05,0.9165199995040894,0.7819899916648865,145.58399963378906,1.3883099555969238
2024-08-06,0.9131600260734558,0.7819399833679199,145.7899932861328,1.3805299997329712
2024-08-07,0.9152299761772156,0.788349986076355,144.73199462890625,1.3786499500274658
2024-08-08,0.9150699973106384,0.7886199951171875,146.12399291992188,1.3754700422286987
2024-08-09,0.9161099791526794,0.7844700217247009,147.66900634765625,1.3735400438308716
2024-08-12,0.9162700176239014,0.7842900156974792,147.04200744628906,1.3735899925231934
2024-08-13,0.9143900275230408,0.7830100059509277,146.98199462890625,1.3742300271987915
2024-08-14,0.9093400239944458,0.7771999835968018,146.9709930419922,1.3709100484848022
2024-08-15,0.9079999923706055,0.7795000076293945,147.2530059814453,1.3715699911117554
2024-08-16,0.9113500118255615,0.7776399850845337,149.2220001220703,1.37336003780365
2024-08-19,0.9070299863815308,0.7723699808120728,147.95599365234375,1.3678300380706787
2024-08-20,0.9020000100135803,0.7698000073432922,146.69900512695312,1.3630000352859497
2024-08-21,0.898639976978302,0.7671399712562561,145.3470001220703,1.3617299795150757
2024-08-22,0.8964300155639648,0.7637400031089783,145.1179962158203,1.3583300113677979
2024-08-23,0.8995100259780884,0.7634900212287903,146.20199584960938,1.3603399991989136
2024-08-26,0.8938199877738953,0.756850004196167,144.0,1.3508000373840332
2024-08-27,0.8956800103187561,0.7580500245094299,144.51600646972656,1.3482099771499634
2024-08-28,0.8946200013160706,0.754289984703064,143.97500610351562,1.3447699546813965
2024-08-29,0.8988800048828125,0.7579399943351746,144.43299865722656,1.3476999998092651
2024-08-30,0.9024900197982788,0.7595199942588806,144.88999938964844,1.3489099740982056
2024-09-02,0.9053999781608582,0.7616999745368958,146.38099670410156,1.3488999605178833
2024-09-03,0.9035500288009644,0.760919988155365,146.7220001220703,1.3497300148010254
2024-09-04,0.9050700068473816,0.7625399827957153,145.35299682617188,1.3543399572372437
2024-09-05,0.9024900197982788,0.7607600092887878,143.32400512695312,1.3508100509643555
2024-09-06,0.8999999761581421,0.758870005607605,143.39300537109375,1.3500100374221802
2024-09-09,0.9019399881362915,0.7614200115203857,142.48599243164062,1.3562099933624268
2024-09-10,0.906000018119812,0.765030026435852,143.177001953125,1.3564000129699707
2024-09-11,0.9073600172996521,0.7645099759101868,142.23399353027344,1.3609600067138672
2024-09-12,0.9081900119781494,0.7669000029563904,142.58999633789062,1.3578399419784546
2024-09-13,0.9027000069618225,0.7614799737930298,141.49899291992188,1.3575799465179443
2024-09-16,0.9018399715423584,0.7611510157585144,140.7899932861328,1.3577699661254883
2024-09-17,0.8985099792480469,0.7569599747657776,140.7899932861328,1.3586299419403076
2024-09-18,0.8990300297737122,0.7594500184059143,142.01499938964844,1.3592100143432617
2024-09-19,0.8996999859809875,0.7575100064277649,142.7100067138672,1.3610700368881226
2024-09-20,0.8959000110626221,0.7529100179672241,142.85800170898438,1.3562699556350708
2024-09-23,0.8959900140762329,0.7510899901390076,144.00399780273438,1.3564200401306152
2024-09-24,0.8999500274658203,0.7490699887275696,143.63800048828125,1.3529499769210815
2024-09-25,0.893559992313385,0.7447500228881836,142.96299743652344,1.3421000242233276
2024-09-26,0.898389995098114,0.7509880065917969,144.68299865722656,1.3482199907302856
2024-09-27,0.8946800231933594,0.7455000281333923,145.0760040283203,1.3475699424743652
2024-09-30,0.8952699899673462,0.7472000122070312,142.7830047607422,1.3508800268173218
2024-10-01,0.8979399800300598,0.7476000189781189,143.7100067138672,1.352720022201538
2024-10-02,0.9038400053977966,0.753350019454956,143.73599243164062,1.3494600057601929
2024-10-03,0.9050999879837036,0.7537999749183655,146.58200073242188,1.3504899740219116
2024-10-04,0.9061599969863892,0.7616000175476074,146.83999633789062,1.3548200130462646
2024-10-07,0.9111999869346619,0.7618899941444397,148.82000732421875,1.3579200506210327
2024-10-08,0.9110999703407288,0.7642499804496765,148.14599609375,1.361799955368042
2024-10-09,0.9110999703407288,0.7636600136756897,148.15899658203125,1.3652000427246094
2024-10-10,0.9138000011444092,0.765209972858429,149.16000366210938,1.3709299564361572
2024-10-11,0.9145900011062622,0.7655699849128723,148.70399475097656,1.3745700120925903
2024-10-14,0.9153000116348267,0.7663400173187256,149.33399963378906,1.378119945526123
2024-10-15,0.9166600108146667,0.7652599811553955,149.6699981689453,1.3802900314331055
2024-10-16,0.9187700152397156,0.7653499841690063,149.0989990234375,1.3781100511550903
2024-10-17,0.9205999970436096,0.7698100209236145,149.5760040283203,1.375499963760376
2024-10-18,0.9233999848365784,0.7682999968528748,150.10000610351562,1.3795700073242188
2024-10-21,0.9200800061225891,0.7661299705505371,149.60000610351562,1.3799599409103394
2024-10-22,0.9243999719619751,0.7702400088310242,150.60499572753906,1.3833500146865845
2024-10-23,0.9261599779129028,0.7702500224113464,151.13800048828125,1.3816200494766235
2024-10-24,0.9276000261306763,0.774370014667511,152.7689971923828,1.3836699724197388
2024-10-25,0.9238600134849548,0.7708100080490112,151.7830047607422,1.3853299617767334
2024-10-28,0.9262199997901917,0.7717099785804749,152.95199584960938,1.3895599842071533
2024-10-29,0.9244899749755859,0.7707300186157227,153.1790008544922,1.3889800310134888
2024-10-30,0.9241600036621094,0.7684000134468079,153.2740020751953,1.3912800550460815
2024-10-31,0.9208800196647644,0.7716299891471863,153.20399475097656,1.3907999992370605
2024-11-01,0.9186000227928162,0.7753300070762634,151.97999572753906,1.3935199975967407
2024-11-04,0.9195799827575684,0.7719979882240295,152.28700256347656,1.3918800354003906
2024-11-05,0.9196199774742126,0.7719299793243408,152.2760009765625,1.3900699615478516
2024-11-06,0.9145399928092957,0.7666599750518799,151.43499755859375,1.3832999467849731
2024-11-07,0.9316999912261963,0.776199996471405,154.32000732421875,1.394819974899292
2024-11-08,0.9263399839401245,0.7702800035476685,153.17999267578125,1.3867299556732178
2024-11-11,0.9332799911499023,0.7741699814796448,152.9040069580078,1.390779972076416
2024-11-12,0.9376999735832214,0.7767000198364258,153.47999572753906,1.3921500444412231
2024-11-13,0.9419100284576416,0.7849799990653992,154.65499877929688,1.3945499658584595
2024-11-14,0.9466000199317932,0.7869799733161926,155.4290008544922,1.3992700576782227
2024-11-15,0.9496600031852722,0.7893999814987183,156.46800231933594,1.406149983406067
2024-11-18,0.9493299722671509,0.7925400137901306,154.66400146484375,1.4085899591445923
2024-11-19,0.9438499808311462,0.7886899709701538,154.61700439453125,1.4022400379180908
2024-11-20,0.9427199959754944,0.7877399921417236,154.71800231933594,1.3954999446868896
2024-11-21,0.9482100009918213,0.7901800274848938,155.2949981689453,1.3968000411987305
2024-11-22,0.9551699757575989,0.7946100234985352,154.21800231933594,1.3980000019073486
2024-11-25,0.9542099833488464,0.7940400242805481,154.14599609375,1.393280029296875
2024-11-26,0.9574599862098694,0.7978900074958801,154.3780059814453,1.4098399877548218
2024-11-27,0.9531800150871277,0.7953000068664551,153.00900268554688,1.405310034751892
2024-11-28,0.9467499852180481,0.7887899875640869,151.33599853515625,1.4026299715042114
2024-11-29,0.9466999769210815,0.7875999808311462,151.1739959716797,1.4007200002670288
2024-12-02,0.9483100175857544,0.7872999906539917,149.8979949951172,1.4012600183486938
2024-12-03,0.952269971370697,0.7899799942970276,149.50799560546875,1.4042999744415283
2024-12-04,0.9513999819755554,0.7889999747276306,149.64700317382812,1.4065899848937988
2024-12-05,0.9510999917984009,0.7873299717903137,150.56700134277344,1.4073100090026855
2024-12-06,0.9446799755096436,0.7837399840354919,150.20700073242188,1.40215003490448
2024-12-09,0.9464799761772156,0.7843570113182068,150.02999877929688,1.4147800207138062
2024-12-10,0.9473999738693237,0.7843700051307678,151.4080047607422,1.417199969291687
2024-12-11,0.949400007724762,0.7824699878692627,151.8070068359375,1.4174400568008423
2024-12-12,0.9517599940299988,0.7833099961280823,152.2449951171875,1.4148900508880615
2024-12-13,0.9547399878501892,0.7888100147247314,152.58700561523438,1.421720027923584
2024-12-16,0.9514700174331665,0.7919300198554993,153.4530029296875,1.4225900173187256
2024-12-17,0.9508100152015686,0.7879999876022339,154.08599853515625,1.4234700202941895
2024-12-18,0.9528300166130066,0.7867299914360046,153.57200622558594,1.4309699535369873
2024-12-19,0.966159999370575,0.7956900000572205,154.67300415039062,1.4460999965667725
2024-12-20,0.9647899866104126,0.8001300096511841,157.6439971923828,1.440310001373291
2024-12-23,0.9584900140762329,0.7955499887466431,156.5330047607422,1.4361300468444824
2024-12-24,0.9610000252723694,0.7978000044822693,157.1649932861328,1.4374200105667114
2024-12-25,0.9613000154495239,0.7976999878883362,157.10699462890625,1.4362000226974487
2024-12-26,0.9615799784660339,0.7972099781036377,157.13299560546875,1.4353599548339844
2024-12-27,0.9593999981880188,0.7980999946594238,157.7480010986328,1.4410400390625
2024-12-30,0.9588299989700317,0.7949879765510559,157.8730010986328,1.4403400421142578
